Tool,Alert_ID,Standard_ID,Description,Charts,#_Charts,Occurrences
checkov,CKV_K8S_37,check_34,Minimize the admission of containers with capabilities assigned,"cp4d-deployer, tfy-inferentia-operator, horizon-satellite, ndb-operator, ctlog, tika, pages, stock-x, wg-access-server, deploy-elibrary, rclone, pulse, influxdb, thingsboard, pages, ussigw-configuration, pages, bipeenhelm-chart, meerschaum, radarr, ghost, fleet, identity-manager-demo, akaunting, scaleway-csi, ussigw-core, myfirstchart, mojeaplikace, pages, distribution, deis-workflow, ed-cron, test0, oauth2-proxy, terraform-enterprise",35,68
checkov,CKV_K8S_31,check_31,Ensure that the seccomp profile is set to docker/default or runtime/default,"cp4d-deployer, pyspark-notebook, tfy-inferentia-operator, horizon-satellite, ndb-operator, ctlog, tika, pages, stock-x, wg-access-server, deploy-elibrary, rclone, pulse, log2rbac-operator, squid, influxdb, thingsboard, pages, ussigw-configuration, pages, bipeenhelm-chart, meerschaum, radarr, smtprelay, ghost, handbrake, traefik-hub, fleet, identity-manager-demo, akaunting, scaleway-csi, ussigw-core, kiali-operator, traefik-forward-auth-openid, myfirstchart, mojeaplikace, ed-nginx, ed-traefik2, pages, distribution, deis-workflow, ed-cron, test0, oauth2-proxy, terraform-enterprise",45,82
checkov,CKV_K8S_12,check_1,Memory requests should be set,"cp4d-deployer, tfy-inferentia-operator, ndb-operator, ctlog, tika, pages, deploy-elibrary, squid, thingsboard, pages, ussigw-configuration, kube-state-metrics, pages, bipeenhelm-chart, radarr, ghost, traefik-hub, fleet, akaunting, ussigw-core, mojeaplikace, ed-nginx, ed-traefik2, pages, distribution, deis-workflow, ed-cron",27,56
checkov,CKV_K8S_20,check_22,Containers should not run with allowPrivilegeEscalation,"cp4d-deployer, pyspark-notebook, tfy-inferentia-operator, horizon-satellite, ndb-operator, ctlog, tika, pages, stock-x, wg-access-server, deploy-elibrary, rclone, pulse, influxdb, thingsboard, pages, ussigw-configuration, pages, bipeenhelm-chart, radarr, ghost, fleet, identity-manager-demo, akaunting, scaleway-csi, ussigw-core, traefik-forward-auth-openid, myfirstchart, mojeaplikace, ed-nginx, ed-traefik2, pages, distribution, deis-workflow, ed-cron, test0, oauth2-proxy, terraform-enterprise",38,70
checkov,CKV_K8S_13,check_2,Memory limits should be set,"cp4d-deployer, tfy-inferentia-operator, horizon-satellite, ndb-operator, ctlog, tika, pages, stock-x, wg-access-server, deploy-elibrary, rclone, pulse, squid, thingsboard, pages, ussigw-configuration, kube-state-metrics, pages, bipeenhelm-chart, meerschaum, radarr, smtprelay, ghost, traefik-hub, fleet, identity-manager-demo, akaunting, scaleway-csi, ussigw-core, kiali-operator, myfirstchart, mojeaplikace, ed-nginx, ed-traefik2, pages, distribution, deis-workflow, ed-cron, oauth2-proxy, terraform-enterprise",40,75
checkov,CKV_K8S_40,check_13,Containers should run as a high UID to avoid host conflict,"cp4d-deployer, pyspark-notebook, tfy-inferentia-operator, horizon-satellite, ndb-operator, tika, pages, stock-x, wg-access-server, deploy-elibrary, rclone, pulse, log2rbac-operator, squid, influxdb, thingsboard, pages, ussigw-configuration, pages, bipeenhelm-chart, meerschaum, radarr, smtprelay, ghost, handbrake, fleet, identity-manager-demo, akaunting, scaleway-csi, ussigw-core, kiali-operator, myfirstchart, mojeaplikace, ed-nginx, pages, distribution, deis-workflow, ed-cron, test0, oauth2-proxy, terraform-enterprise",41,75
checkov,CKV_K8S_10,check_4,CPU requests should be set,"cp4d-deployer, tfy-inferentia-operator, ndb-operator, ctlog, tika, pages, deploy-elibrary, squid, thingsboard, pages, ussigw-configuration, kube-state-metrics, pages, bipeenhelm-chart, radarr, ghost, traefik-hub, fleet, akaunting, ussigw-core, mojeaplikace, ed-nginx, ed-traefik2, pages, distribution, deis-workflow, ed-cron",27,56
checkov,CKV_K8S_22,check_27,Use read-only filesystem for containers where possible,"cp4d-deployer, pyspark-notebook, tfy-inferentia-operator, horizon-satellite, ndb-operator, ctlog, tika, pages, stock-x, wg-access-server, deploy-elibrary, rclone, pulse, influxdb, thingsboard, pages, ussigw-configuration, pages, bipeenhelm-chart, meerschaum, radarr, ghost, handbrake, fleet, identity-manager-demo, akaunting, scaleway-csi, ussigw-core, myfirstchart, mojeaplikace, ed-nginx, pages, distribution, deis-workflow, ed-cron, test0, oauth2-proxy, terraform-enterprise",38,72
checkov,CKV_K8S_28,check_34,Minimize the admission of containers with the NET_RAW capability,"cp4d-deployer, tfy-inferentia-operator, horizon-satellite, ndb-operator, ctlog, tika, pages, stock-x, wg-access-server, deploy-elibrary, rclone, pulse, influxdb, thingsboard, pages, ussigw-configuration, pages, bipeenhelm-chart, meerschaum, radarr, ghost, fleet, identity-manager-demo, akaunting, scaleway-csi, ussigw-core, myfirstchart, mojeaplikace, pages, distribution, deis-workflow, ed-cron, test0, oauth2-proxy, terraform-enterprise",35,68
checkov,CKV_K8S_30,check_30,Apply security context to your containers,"cp4d-deployer, tfy-inferentia-operator, ndb-operator, ctlog, tika, pages, deploy-elibrary, rclone, influxdb, thingsboard, pages, ussigw-configuration, pages, bipeenhelm-chart, radarr, ghost, fleet, akaunting, scaleway-csi, ussigw-core, mojeaplikace, pages, deis-workflow, ed-cron, test0, oauth2-proxy",26,54
checkov,CKV_K8S_14,check_0,Image Tag should be fixed - not latest or blank,"cp4d-deployer, tika, pages, squid, influxdb, thingsboard, pages, pages, bipeenhelm-chart, ghost, traefik-forward-auth-openid, mojeaplikace, pages, deis-workflow, ed-cron, test0",16,21
checkov,CKV_K8S_38,check_35,Ensure that Service Account Tokens are only mounted where necessary,"cp4d-deployer, pyspark-notebook, tfy-inferentia-operator, horizon-satellite, ndb-operator, ctlog, tika, pages, stock-x, wg-access-server, deploy-elibrary, rclone, pulse, log2rbac-operator, squid, influxdb, thingsboard, pages, ussigw-configuration, kube-state-metrics, pages, bipeenhelm-chart, meerschaum, radarr, smtprelay, ghost, traefik-hub, fleet, identity-manager-demo, akaunting, scaleway-csi, ussigw-core, kiali-operator, traefik-forward-auth-openid, myfirstchart, mojeaplikace, ed-nginx, ed-traefik2, pages, distribution, deis-workflow, ed-cron, test0, oauth2-proxy, terraform-enterprise",45,82
checkov,CKV_K8S_23,check_28,Minimize the admission of root containers,"cp4d-deployer, tfy-inferentia-operator, horizon-satellite, ndb-operator, tika, pages, stock-x, wg-access-server, deploy-elibrary, rclone, pulse, log2rbac-operator, influxdb, thingsboard, pages, ussigw-configuration, pages, bipeenhelm-chart, radarr, ghost, handbrake, fleet, identity-manager-demo, akaunting, scaleway-csi, ussigw-core, myfirstchart, mojeaplikace, pages, deis-workflow, ed-cron, test0, oauth2-proxy, terraform-enterprise",34,63
checkov,CKV_K8S_43,check_9,Image should use digest,"cp4d-deployer, pyspark-notebook, tfy-inferentia-operator, horizon-satellite, ndb-operator, tika, pages, stock-x, wg-access-server, deploy-elibrary, rclone, pulse, log2rbac-operator, squid, influxdb, thingsboard, pages, ussigw-configuration, kube-state-metrics, pages, bipeenhelm-chart, meerschaum, radarr, smtprelay, ghost, traefik-hub, fleet, identity-manager-demo, akaunting, scaleway-csi, ussigw-core, kiali-operator, traefik-forward-auth-openid, myfirstchart, mojeaplikace, ed-nginx, ed-traefik2, pages, distribution, deis-workflow, ed-cron, test0, terraform-enterprise",43,78
checkov,CKV_K8S_11,check_5,CPU limits should be set,"cp4d-deployer, tfy-inferentia-operator, horizon-satellite, ndb-operator, ctlog, tika, pages, stock-x, wg-access-server, deploy-elibrary, rclone, pulse, squid, thingsboard, pages, ussigw-configuration, kube-state-metrics, pages, bipeenhelm-chart, meerschaum, radarr, smtprelay, ghost, traefik-hub, fleet, identity-manager-demo, akaunting, scaleway-csi, ussigw-core, kiali-operator, myfirstchart, mojeaplikace, ed-nginx, ed-traefik2, pages, distribution, deis-workflow, ed-cron, oauth2-proxy, terraform-enterprise",40,75
checkov,CKV_K8S_21,check_26,The default namespace should not be used,"cp4d-deployer, pyspark-notebook, tfy-inferentia-operator, horizon-satellite, ndb-operator, ctlog, tika, pages, stock-x, wg-access-server, deploy-elibrary, rclone, pulse, log2rbac-operator, squid, thingsboard, pages, ussigw-configuration, kube-state-metrics, pages, bipeenhelm-chart, meerschaum, radarr, smtprelay, ghost, handbrake, traefik-hub, fleet, identity-manager-demo, akaunting, scaleway-csi, ussigw-core, kiali-operator, traefik-forward-auth-openid, myfirstchart, mojeaplikace, ed-nginx, ed-traefik2, pages, distribution, deis-workflow, ed-cron, oauth2-proxy, cloud-native-pg, terraform-enterprise",45,237
checkov,CKV2_K8S_6,check_40,Minimize the admission of pods which lack an associated NetworkPolicy,"cp4d-deployer, pyspark-notebook, tfy-inferentia-operator, horizon-satellite, ndb-operator, ctlog, tika, pages, stock-x, wg-access-server, deploy-elibrary, pulse, log2rbac-operator, squid, influxdb, thingsboard, pages, ussigw-configuration, kube-state-metrics, pages, bipeenhelm-chart, meerschaum, radarr, smtprelay, ghost, handbrake, traefik-hub, fleet, identity-manager-demo, akaunting, scaleway-csi, ussigw-core, kiali-operator, traefik-forward-auth-openid, myfirstchart, mojeaplikace, ed-nginx, ed-traefik2, pages, distribution, deis-workflow, oauth2-proxy, terraform-enterprise",43,73
kubelinter,latest-tag,check_0,"The container ""cloud-pak-deployer"" is using an invalid container image, ""quay.io/cloudnativetoolkit/cloud-pak-deployer:latest"". Please use images that are not blocked by the `BlockList` criteria : ["".*:(latest)$"" ""^[^:]*$"" ""(.*/[^:]+)$""]. Use a container image with a specific tag other than latest.","cp4d-deployer, tika, pages, squid, influxdb, thingsboard, pages, pages, bipeenhelm-chart, ghost, traefik-forward-auth-openid, mojeaplikace, pages, deis-workflow, ed-cron, test0",16,21
kubelinter,no-read-only-root-fs,check_27,"container ""cloud-pak-deployer"" does not have a read-only root file system. Set readOnlyRootFilesystem to true in the container securityContext.","cp4d-deployer, pyspark-notebook, tfy-inferentia-operator, horizon-satellite, ndb-operator, ctlog, tika, pages, stock-x, wg-access-server, deploy-elibrary, rclone, pulse, influxdb, thingsboard, pages, ussigw-configuration, pages, bipeenhelm-chart, venti-stack, meerschaum, radarr, ghost, handbrake, fleet, identity-manager-demo, akaunting, scaleway-csi, ussigw-core, myfirstchart, mojeaplikace, ed-nginx, pages, distribution, deis-workflow, ed-cron, test0, oauth2-proxy, terraform-enterprise",39,92
kubelinter,non-existent-service-account,check_58,"serviceAccount ""cloud-pak-deployer-sa"" not found. Create the missing service account, or refer to an existing service account.",cp4d-deployer,1,1
kubelinter,run-as-non-root,check_28,"container ""cloud-pak-deployer"" is not set to runAsNonRoot. Set runAsUser to a non-zero number and runAsNonRoot to true in your pod or container securityContext","cp4d-deployer, tfy-inferentia-operator, horizon-satellite, ndb-operator, tika, pages, stock-x, wg-access-server, deploy-elibrary, rclone, pulse, log2rbac-operator, influxdb, thingsboard, pages, ussigw-configuration, pages, bipeenhelm-chart, venti-stack, radarr, smtprelay, ghost, handbrake, fleet, identity-manager-demo, akaunting, scaleway-csi, ussigw-core, myfirstchart, mojeaplikace, pages, deis-workflow, ed-cron, test0, oauth2-proxy, terraform-enterprise",36,79
kubelinter,unset-cpu-requirements,check_4,"container ""cloud-pak-deployer"" has cpu request 0. Set CPU requests and limits for your container based on its requirements","cp4d-deployer, tfy-inferentia-operator, horizon-satellite, ndb-operator, ctlog, tika, pages, stock-x, wg-access-server, deploy-elibrary, rclone, pulse, squid, thingsboard, pages, ussigw-configuration, kube-state-metrics, pages, bipeenhelm-chart, venti-stack, meerschaum, radarr, smtprelay, ghost, traefik-hub, fleet, identity-manager-demo, akaunting, scaleway-csi, ussigw-core, kiali-operator, traefik-forward-auth-openid, myfirstchart, mojeaplikace, ed-nginx, ed-traefik2, pages, distribution, deis-workflow, ed-cron, oauth2-proxy, terraform-enterprise",42,181
kubelinter,unset-memory-requirements,check_1,"container ""cloud-pak-deployer"" has memory request 0. Set memory requests and limits for your container based on its requirements","cp4d-deployer, tfy-inferentia-operator, horizon-satellite, ndb-operator, ctlog, tika, pages, stock-x, wg-access-server, deploy-elibrary, rclone, pulse, squid, thingsboard, pages, ussigw-configuration, kube-state-metrics, pages, bipeenhelm-chart, venti-stack, meerschaum, radarr, smtprelay, ghost, traefik-hub, fleet, identity-manager-demo, akaunting, scaleway-csi, ussigw-core, kiali-operator, traefik-forward-auth-openid, myfirstchart, mojeaplikace, ed-nginx, ed-traefik2, pages, distribution, deis-workflow, ed-cron, oauth2-proxy, terraform-enterprise",42,181
kubeaudit,AppArmorAnnotationMissing,check_32,AppArmor annotation missing. The annotation 'container.apparmor.security.beta.kubernetes.io/cloud-pak-deployer' should be added.,"cp4d-deployer, pyspark-notebook, tfy-inferentia-operator, horizon-satellite, ndb-operator, ctlog, tika, pages, stock-x, wg-access-server, deploy-elibrary, pulse, log2rbac-operator, squid, influxdb, thingsboard, pages, ussigw-configuration, kube-state-metrics, pages, bipeenhelm-chart, venti-stack, meerschaum, radarr, smtprelay, ghost, handbrake, traefik-hub, fleet, identity-manager-demo, akaunting, scaleway-csi, ussigw-core, kiali-operator, traefik-forward-auth-openid, myfirstchart, mojeaplikace, ed-nginx, ed-traefik2, pages, distribution, deis-workflow, test0, oauth2-proxy, terraform-enterprise",45,102
kubeaudit,CapabilityOrSecurityContextMissing,check_34,Security Context not set. The Security Context should be specified and all Capabilities should be dropped by setting the Drop list to ALL.,"cp4d-deployer, tfy-inferentia-operator, horizon-satellite, ndb-operator, ctlog, tika, pages, stock-x, deploy-elibrary, pulse, influxdb, thingsboard, pages, ussigw-configuration, pages, bipeenhelm-chart, venti-stack, meerschaum, radarr, ghost, fleet, identity-manager-demo, akaunting, scaleway-csi, ussigw-core, myfirstchart, mojeaplikace, pages, distribution, deis-workflow, test0, oauth2-proxy, terraform-enterprise",33,85
kubeaudit,RunAsUserPSCRoot,check_13,runAsUser is set to UID 0 (root user) in the PodSecurityContext. Either set it to a value > 0 or remove it and set runAsNonRoot to true.,cp4d-deployer,1,1
kubeaudit,AllowPrivilegeEscalationNil,check_22,allowPrivilegeEscalation not set which allows privilege escalation. It should be set to 'false'.,"cp4d-deployer, pyspark-notebook, tfy-inferentia-operator, horizon-satellite, ndb-operator, ctlog, tika, pages, stock-x, wg-access-server, deploy-elibrary, pulse, influxdb, thingsboard, pages, ussigw-configuration, pages, bipeenhelm-chart, venti-stack, radarr, ghost, fleet, identity-manager-demo, akaunting, scaleway-csi, ussigw-core, traefik-forward-auth-openid, myfirstchart, mojeaplikace, ed-traefik2, pages, distribution, deis-workflow, test0, oauth2-proxy, terraform-enterprise",36,85
kubeaudit,ReadOnlyRootFilesystemNil,check_27,readOnlyRootFilesystem is not set in container SecurityContext. It should be set to 'true'.,"cp4d-deployer, pyspark-notebook, tfy-inferentia-operator, horizon-satellite, ndb-operator, ctlog, tika, pages, stock-x, wg-access-server, deploy-elibrary, pulse, influxdb, thingsboard, pages, ussigw-configuration, pages, bipeenhelm-chart, venti-stack, meerschaum, radarr, ghost, fleet, identity-manager-demo, akaunting, scaleway-csi, ussigw-core, myfirstchart, mojeaplikace, ed-nginx, pages, deis-workflow, test0, oauth2-proxy, terraform-enterprise",35,87
kubeaudit,SeccompProfileMissing,check_31,Pod Seccomp profile is missing. Seccomp profile should be added to the pod SecurityContext.,"cp4d-deployer, pyspark-notebook, tfy-inferentia-operator, horizon-satellite, ndb-operator, ctlog, tika, pages, stock-x, wg-access-server, deploy-elibrary, pulse, log2rbac-operator, squid, influxdb, thingsboard, pages, ussigw-configuration, pages, bipeenhelm-chart, venti-stack, meerschaum, radarr, ghost, fleet, identity-manager-demo, akaunting, scaleway-csi, ussigw-core, kiali-operator, traefik-forward-auth-openid, myfirstchart, mojeaplikace, ed-nginx, ed-traefik2, pages, distribution, deis-workflow, test0, oauth2-proxy, terraform-enterprise",41,84
kubescape,C-0013,check_22,Non-root containers,"cp4d-deployer, pyspark-notebook, tfy-inferentia-operator, horizon-satellite, ndb-operator, ctlog, tika, pages, stock-x, wg-access-server, deploy-elibrary, rclone, pulse, log2rbac-operator, influxdb, thingsboard, pages, ussigw-configuration, pages, bipeenhelm-chart, venti-stack, radarr, smtprelay, ghost, handbrake, fleet, identity-manager-demo, akaunting, scaleway-csi, ussigw-core, kiali-operator, myfirstchart, mojeaplikace, ed-nginx, pages, distribution, deis-workflow, ed-cron, test0, oauth2-proxy, terraform-enterprise",41,76
kubescape,C-0016,check_22,Allow privilege escalation,"cp4d-deployer, pyspark-notebook, tfy-inferentia-operator, horizon-satellite, ndb-operator, ctlog, tika, pages, stock-x, wg-access-server, deploy-elibrary, rclone, pulse, influxdb, thingsboard, pages, ussigw-configuration, pages, bipeenhelm-chart, venti-stack, radarr, ghost, fleet, identity-manager-demo, akaunting, scaleway-csi, ussigw-core, traefik-forward-auth-openid, myfirstchart, mojeaplikace, ed-nginx, ed-traefik2, pages, distribution, deis-workflow, ed-cron, test0, oauth2-proxy, terraform-enterprise",39,75
kubescape,C-0030,check_40,Ingress and Egress blocked,"cp4d-deployer, pyspark-notebook, tfy-inferentia-operator, horizon-satellite, ndb-operator, ctlog, tika, pages, stock-x, wg-access-server, deploy-elibrary, rclone, pulse, log2rbac-operator, squid, influxdb, thingsboard, pages, ussigw-configuration, kube-state-metrics, pages, bipeenhelm-chart, venti-stack, meerschaum, radarr, smtprelay, ghost, handbrake, traefik-hub, fleet, identity-manager-demo, akaunting, scaleway-csi, ussigw-core, kiali-operator, traefik-forward-auth-openid, myfirstchart, mojeaplikace, ed-nginx, ed-traefik2, pages, distribution, deis-workflow, ed-cron, test0, oauth2-proxy, terraform-enterprise",47,90
kubescape,C-0055,check_30,Linux hardening,"cp4d-deployer, tfy-inferentia-operator, horizon-satellite, ndb-operator, ctlog, tika, pages, stock-x, wg-access-server, deploy-elibrary, rclone, pulse, influxdb, thingsboard, pages, ussigw-configuration, pages, bipeenhelm-chart, venti-stack, meerschaum, radarr, ghost, fleet, identity-manager-demo, akaunting, scaleway-csi, ussigw-core, myfirstchart, mojeaplikace, pages, distribution, deis-workflow, ed-cron, test0, oauth2-proxy, terraform-enterprise",36,74
kubescape,C-0270,NOT_MAPPED,Ensure CPU limits are set,"cp4d-deployer, tfy-inferentia-operator, horizon-satellite, ndb-operator, ctlog, tika, pages, stock-x, wg-access-server, deploy-elibrary, rclone, pulse, squid, thingsboard, pages, ussigw-configuration, kube-state-metrics, pages, bipeenhelm-chart, venti-stack, meerschaum, radarr, smtprelay, ghost, traefik-hub, fleet, identity-manager-demo, akaunting, scaleway-csi, ussigw-core, kiali-operator, myfirstchart, mojeaplikace, ed-nginx, ed-traefik2, pages, distribution, deis-workflow, ed-cron, oauth2-proxy, terraform-enterprise",41,79
kubescape,C-0034,check_35,Automatic mapping of service account,"cp4d-deployer, tfy-inferentia-operator, ndb-operator, ctlog, thingsboard, kube-state-metrics, venti-stack, akaunting, kiali-operator, distribution, terraform-enterprise",11,40
kubescape,C-0017,check_27,Immutable container filesystem,"cp4d-deployer, pyspark-notebook, tfy-inferentia-operator, horizon-satellite, ndb-operator, ctlog, tika, pages, stock-x, wg-access-server, deploy-elibrary, rclone, pulse, influxdb, thingsboard, pages, ussigw-configuration, pages, bipeenhelm-chart, venti-stack, meerschaum, radarr, ghost, handbrake, fleet, identity-manager-demo, akaunting, scaleway-csi, ussigw-core, myfirstchart, mojeaplikace, ed-nginx, pages, distribution, deis-workflow, ed-cron, test0, oauth2-proxy, terraform-enterprise",39,78
kubescape,C-0271,NOT_MAPPED,Ensure memory limits are set,"cp4d-deployer, tfy-inferentia-operator, horizon-satellite, ndb-operator, ctlog, tika, pages, stock-x, wg-access-server, deploy-elibrary, rclone, pulse, squid, thingsboard, pages, ussigw-configuration, kube-state-metrics, pages, bipeenhelm-chart, venti-stack, meerschaum, radarr, smtprelay, ghost, traefik-hub, fleet, identity-manager-demo, akaunting, scaleway-csi, ussigw-core, kiali-operator, myfirstchart, mojeaplikace, ed-nginx, ed-traefik2, pages, distribution, deis-workflow, ed-cron, oauth2-proxy, terraform-enterprise",41,79
kubescape,C-0012,NOT_MAPPED,Applications credentials in configuration files,"cp4d-deployer, ndb-operator, thingsboard, terraform-enterprise",4,5
kubescape,C-0260,NOT_MAPPED,Missing network policy,"cp4d-deployer, pyspark-notebook, tfy-inferentia-operator, horizon-satellite, ndb-operator, ctlog, tika, pages, stock-x, wg-access-server, deploy-elibrary, rclone, pulse, log2rbac-operator, squid, influxdb, thingsboard, pages, ussigw-configuration, kube-state-metrics, pages, bipeenhelm-chart, venti-stack, meerschaum, radarr, smtprelay, ghost, handbrake, traefik-hub, fleet, identity-manager-demo, akaunting, scaleway-csi, ussigw-core, kiali-operator, traefik-forward-auth-openid, myfirstchart, mojeaplikace, ed-nginx, ed-traefik2, pages, distribution, deis-workflow, ed-cron, oauth2-proxy, terraform-enterprise",46,88
terrascan,AC_K8S_0087,check_28,Minimize Admission of Root Containers,"cp4d-deployer, horizon-satellite, ndb-operator, ctlog, tika, pages, stock-x, wg-access-server, deploy-elibrary, rclone, pulse, log2rbac-operator, influxdb, thingsboard, pages, ussigw-configuration, kube-state-metrics, pages, bipeenhelm-chart, venti-stack, meerschaum, radarr, ghost, handbrake, fleet, identity-manager-demo, akaunting, scaleway-csi, ussigw-core, myfirstchart, mojeaplikace, ed-nginx, pages, deis-workflow, ed-cron, test0, oauth2-proxy, terraform-enterprise",38,76
terrascan,AC_K8S_0098,check_5,CPU Limits Not Set in config file.,"cp4d-deployer, horizon-satellite, ndb-operator, ctlog, tika, pages, stock-x, wg-access-server, deploy-elibrary, rclone, pulse, squid, thingsboard, pages, ussigw-configuration, kube-state-metrics, pages, bipeenhelm-chart, venti-stack, meerschaum, radarr, smtprelay, ghost, traefik-hub, fleet, identity-manager-demo, akaunting, scaleway-csi, ussigw-core, kiali-operator, myfirstchart, mojeaplikace, ed-nginx, ed-traefik2, pages, distribution, deis-workflow, ed-cron, oauth2-proxy, terraform-enterprise",40,77
terrascan,AC_K8S_0072,check_8,No readiness probe will affect automatic recovery in case of unexpected errors,"cp4d-deployer, ndb-operator, ctlog, tika, pages, stock-x, deploy-elibrary, rclone, pulse, influxdb, pages, ussigw-configuration, pages, bipeenhelm-chart, venti-stack, ghost, fleet, scaleway-csi, ussigw-core, kiali-operator, mojeaplikace, pages, distribution, deis-workflow, ed-cron, test0",26,52
terrascan,AC_K8S_0078,check_27,Container images with readOnlyRootFileSystem set as false mounts the container root file system with write permissions,"cp4d-deployer, pyspark-notebook, horizon-satellite, ndb-operator, ctlog, tika, pages, stock-x, wg-access-server, deploy-elibrary, rclone, pulse, influxdb, thingsboard, pages, ussigw-configuration, pages, bipeenhelm-chart, venti-stack, meerschaum, radarr, ghost, handbrake, fleet, identity-manager-demo, akaunting, scaleway-csi, ussigw-core, myfirstchart, mojeaplikace, ed-nginx, pages, distribution, deis-workflow, ed-cron, test0, oauth2-proxy, terraform-enterprise",38,76
terrascan,AC_K8S_0079,check_13,Containers Should Run as a High UID to Avoid Host Conflict,"cp4d-deployer, squid, smtprelay, handbrake, ed-nginx",5,5
terrascan,AC_K8S_0064,check_30,Apply Security Context to Your Pods and Containers,"cp4d-deployer, ndb-operator, ctlog, tika, pages, wg-access-server, deploy-elibrary, rclone, influxdb, thingsboard, pages, ussigw-configuration, pages, bipeenhelm-chart, venti-stack, radarr, ghost, fleet, akaunting, scaleway-csi, ussigw-core, kiali-operator, traefik-forward-auth-openid, mojeaplikace, ed-nginx, pages, deis-workflow, ed-cron, test0, oauth2-proxy",30,62
terrascan,AC_K8S_0100,check_2,Memory Limits Not Set in config file.,"cp4d-deployer, horizon-satellite, ndb-operator, ctlog, tika, pages, stock-x, wg-access-server, deploy-elibrary, rclone, pulse, squid, thingsboard, pages, ussigw-configuration, kube-state-metrics, pages, bipeenhelm-chart, venti-stack, meerschaum, radarr, smtprelay, ghost, traefik-hub, fleet, identity-manager-demo, akaunting, scaleway-csi, ussigw-core, kiali-operator, myfirstchart, mojeaplikace, ed-nginx, ed-traefik2, pages, distribution, deis-workflow, ed-cron, oauth2-proxy, terraform-enterprise",40,77
terrascan,AC_K8S_0085,check_22,Containers Should Not Run with AllowPrivilegeEscalation,"cp4d-deployer, pyspark-notebook, horizon-satellite, ndb-operator, ctlog, tika, pages, stock-x, wg-access-server, deploy-elibrary, rclone, pulse, influxdb, thingsboard, pages, ussigw-configuration, pages, bipeenhelm-chart, venti-stack, radarr, ghost, fleet, identity-manager-demo, akaunting, scaleway-csi, ussigw-core, traefik-forward-auth-openid, myfirstchart, mojeaplikace, ed-nginx, ed-traefik2, pages, distribution, deis-workflow, ed-cron, test0, oauth2-proxy, terraform-enterprise",38,74
terrascan,AC_K8S_0097,check_4,CPU Request Not Set in config file.,"cp4d-deployer, horizon-satellite, ndb-operator, ctlog, tika, pages, stock-x, wg-access-server, deploy-elibrary, rclone, pulse, squid, thingsboard, pages, ussigw-configuration, kube-state-metrics, pages, bipeenhelm-chart, venti-stack, meerschaum, radarr, smtprelay, ghost, traefik-hub, fleet, identity-manager-demo, akaunting, scaleway-csi, ussigw-core, traefik-forward-auth-openid, myfirstchart, mojeaplikace, ed-nginx, ed-traefik2, pages, distribution, deis-workflow, ed-cron, oauth2-proxy",39,76
terrascan,AC_K8S_0099,check_1,Memory Request Not Set in config file.,"cp4d-deployer, horizon-satellite, ndb-operator, ctlog, tika, pages, stock-x, wg-access-server, deploy-elibrary, rclone, pulse, squid, thingsboard, pages, ussigw-configuration, kube-state-metrics, pages, bipeenhelm-chart, venti-stack, meerschaum, radarr, smtprelay, ghost, traefik-hub, fleet, identity-manager-demo, akaunting, scaleway-csi, ussigw-core, traefik-forward-auth-openid, myfirstchart, mojeaplikace, ed-nginx, ed-traefik2, pages, distribution, deis-workflow, ed-cron, oauth2-proxy",39,76
terrascan,AC_K8S_0070,check_7,No liveness probe will ensure there is no recovery in case of unexpected errors,"cp4d-deployer, ndb-operator, ctlog, tika, pages, stock-x, wg-access-server, deploy-elibrary, rclone, pulse, influxdb, thingsboard, pages, ussigw-configuration, pages, bipeenhelm-chart, venti-stack, ghost, fleet, scaleway-csi, ussigw-core, kiali-operator, mojeaplikace, pages, distribution, deis-workflow, ed-cron, test0, terraform-enterprise",29,56
terrascan,AC_K8S_0073,check_32,AppArmor profile not set to default or custom profile will make the container vulnerable to kernel level threats,"cp4d-deployer, pyspark-notebook, horizon-satellite, ndb-operator, ctlog, tika, pages, stock-x, wg-access-server, deploy-elibrary, rclone, pulse, log2rbac-operator, squid, influxdb, thingsboard, pages, ussigw-configuration, kube-state-metrics, pages, bipeenhelm-chart, venti-stack, meerschaum, radarr, smtprelay, ghost, handbrake, traefik-hub, fleet, identity-manager-demo, akaunting, scaleway-csi, ussigw-core, kiali-operator, traefik-forward-auth-openid, myfirstchart, mojeaplikace, ed-nginx, ed-traefik2, pages, distribution, deis-workflow, test0, oauth2-proxy, terraform-enterprise",45,81
checkov,CKV_K8S_15,check_25,Image Pull Policy should be Always,"pyspark-notebook, tfy-inferentia-operator, horizon-satellite, ndb-operator, ctlog, tika, pages, stock-x, wg-access-server, rclone, pulse, thingsboard, pages, ussigw-configuration, kube-state-metrics, pages, meerschaum, radarr, smtprelay, ghost, handbrake, traefik-hub, fleet, identity-manager-demo, akaunting, scaleway-csi, ussigw-core, traefik-forward-auth-openid, myfirstchart, mojeaplikace, ed-nginx, ed-traefik2, pages, distribution, deis-workflow, oauth2-proxy",36,59
datree,CONTAINERS_MISSING_KEY_ALLOWPRIVILEGEESCALATION,check_22,Prevent containers from escalating privileges,"pyspark-notebook, horizon-satellite, ndb-operator, ctlog, tika, pages, stock-x, wg-access-server, deploy-elibrary, rclone, pulse, influxdb, thingsboard, pages, ussigw-configuration, pages, bipeenhelm-chart, venti-stack, radarr, ghost, fleet, akaunting, scaleway-csi, ussigw-core, traefik-forward-auth-openid, myfirstchart, mojeaplikace, ed-nginx, ed-traefik2, pages, distribution, deis-workflow, ed-cron, test0, oauth2-proxy, terraform-enterprise",36,72
datree,CONTAINERS_INCORRECT_RUNASUSER_VALUE_LOWUID,check_13,Prevent containers from accessing host files by using high UIDs,"pyspark-notebook, smtprelay, ghost, akaunting, ed-nginx, distribution",6,6
datree,CONTAINERS_INCORRECT_READONLYROOTFILESYSTEM_VALUE,check_27,Ensure each container has a read-only root filesystem,"pyspark-notebook, horizon-satellite, ndb-operator, ctlog, tika, pages, stock-x, wg-access-server, deploy-elibrary, rclone, pulse, influxdb, thingsboard, pages, ussigw-configuration, pages, bipeenhelm-chart, venti-stack, meerschaum, radarr, ghost, fleet, akaunting, scaleway-csi, ussigw-core, myfirstchart, mojeaplikace, ed-nginx, pages, distribution, deis-workflow, ed-cron, test0, oauth2-proxy, terraform-enterprise",35,73
datree,CONTAINERS_INCORRECT_KEY_HOSTPATH,check_47,Prevent containers from accessing underlying host,"pyspark-notebook, pages, wg-access-server, pages, pages, venti-stack, scaleway-csi, pages",8,9
kics,5572cc5e-1e4c-4113-92a6-7a8a3bd25e6d,check_22,Privilege Escalation Allowed,"pyspark-notebook, tfy-inferentia-operator, horizon-satellite, ndb-operator, ctlog, tika, pages, stock-x, wg-access-server, deploy-elibrary, rclone, pulse, influxdb, thingsboard, pages, ussigw-configuration, pages, bipeenhelm-chart, venti-stack, radarr, ghost, fleet, identity-manager-demo, akaunting, scaleway-csi, ussigw-core, traefik-forward-auth-openid, myfirstchart, mojeaplikace, ed-nginx, ed-traefik2, pages, distribution, deis-workflow, ed-cron, test0, oauth2-proxy, terraform-enterprise",38,84
kics,b7652612-de4e-4466-a0bf-1cd81f0c6063,check_55,Volume Mount With OS Directory Write Permissions,"pyspark-notebook, tfy-inferentia-operator, pages, wg-access-server, squid, influxdb, pages, pages, venti-stack, ghost, handbrake, traefik-hub, akaunting, scaleway-csi, pages, distribution, oauth2-proxy, terraform-enterprise",18,36
kics,02323c00-cdc3-4fdc-a310-4f2b3e7a1660,check_13,Container Running With Low UID,"pyspark-notebook, tfy-inferentia-operator, horizon-satellite, ndb-operator, tika, pages, stock-x, wg-access-server, deploy-elibrary, rclone, pulse, log2rbac-operator, squid, influxdb, thingsboard, pages, ussigw-configuration, pages, bipeenhelm-chart, venti-stack, meerschaum, radarr, smtprelay, ghost, handbrake, fleet, identity-manager-demo, akaunting, scaleway-csi, ussigw-core, kiali-operator, myfirstchart, mojeaplikace, ed-nginx, pages, distribution, deis-workflow, ed-cron, test0, oauth2-proxy, terraform-enterprise",41,85
kics,592ad21d-ad9b-46c6-8d2d-fad09d62a942,check_54,Permissive Access to Create Pods,"pyspark-notebook, log2rbac-operator, fleet, kiali-operator, terraform-enterprise",5,5
kics,c589f42c-7924-4871-aee2-1cede9bc7cbc,check_54,RBAC Roles with Exec Permission,pyspark-notebook,1,1
kics,f377b83e-bd07-4f48-a591-60c82b14a78b,check_31,Seccomp Profile Is Not Configured,"pyspark-notebook, tfy-inferentia-operator, horizon-satellite, ndb-operator, ctlog, tika, pages, stock-x, wg-access-server, deploy-elibrary, rclone, pulse, log2rbac-operator, squid, influxdb, thingsboard, pages, ussigw-configuration, pages, bipeenhelm-chart, venti-stack, meerschaum, radarr, ghost, fleet, identity-manager-demo, akaunting, scaleway-csi, ussigw-core, kiali-operator, traefik-forward-auth-openid, myfirstchart, mojeaplikace, ed-nginx, ed-traefik2, pages, distribution, deis-workflow, ed-cron, test0, oauth2-proxy, terraform-enterprise",42,94
kics,48471392-d4d0-47c0-b135-cdec95eb3eef,check_36,Service Account Token Automount Not Disabled,"pyspark-notebook, tfy-inferentia-operator, horizon-satellite, ndb-operator, ctlog, tika, pages, stock-x, wg-access-server, deploy-elibrary, rclone, pulse, log2rbac-operator, squid, influxdb, thingsboard, pages, ussigw-configuration, kube-state-metrics, pages, bipeenhelm-chart, venti-stack, meerschaum, radarr, smtprelay, ghost, traefik-hub, fleet, identity-manager-demo, akaunting, scaleway-csi, ussigw-core, kiali-operator, traefik-forward-auth-openid, myfirstchart, mojeaplikace, ed-nginx, ed-traefik2, pages, distribution, deis-workflow, ed-cron, test0, oauth2-proxy, terraform-enterprise",45,83
kics,611ab018-c4aa-4ba2-b0f6-a448337509a6,check_26,Using Unrecommended Namespace,"pyspark-notebook, tfy-inferentia-operator, horizon-satellite, ndb-operator, ctlog, tika, pages, stock-x, wg-access-server, deploy-elibrary, rclone, pulse, log2rbac-operator, squid, thingsboard, pages, ussigw-configuration, kube-state-metrics, pages, bipeenhelm-chart, venti-stack, meerschaum, radarr, smtprelay, ghost, handbrake, traefik-hub, fleet, identity-manager-demo, akaunting, scaleway-csi, ussigw-core, kiali-operator, traefik-forward-auth-openid, myfirstchart, mojeaplikace, ed-nginx, ed-traefik2, pages, distribution, deis-workflow, ed-cron, oauth2-proxy, cloud-native-pg, terraform-enterprise",45,271
kics,caa3479d-885d-4882-9aac-95e5e78ef5c2,check_25,Image Pull Policy Of The Container Is Not Set To Always,"pyspark-notebook, tfy-inferentia-operator, horizon-satellite, ndb-operator, tika, pages, wg-access-server, rclone, pulse, thingsboard, pages, ussigw-configuration, kube-state-metrics, pages, venti-stack, meerschaum, radarr, smtprelay, ghost, traefik-hub, fleet, identity-manager-demo, akaunting, scaleway-csi, ussigw-core, myfirstchart, mojeaplikace, ed-nginx, ed-traefik2, pages, distribution, deis-workflow",32,62
kics,8b36775e-183d-4d46-b0f7-96a6f34a723f,check_32,Missing AppArmor Profile,"pyspark-notebook, tfy-inferentia-operator, horizon-satellite, ndb-operator, ctlog, tika, pages, stock-x, wg-access-server, deploy-elibrary, rclone, pulse, log2rbac-operator, squid, influxdb, thingsboard, pages, ussigw-configuration, kube-state-metrics, pages, bipeenhelm-chart, venti-stack, meerschaum, radarr, smtprelay, ghost, handbrake, traefik-hub, fleet, identity-manager-demo, akaunting, scaleway-csi, ussigw-core, kiali-operator, traefik-forward-auth-openid, myfirstchart, mojeaplikace, ed-nginx, ed-traefik2, pages, distribution, deis-workflow, ed-cron, test0, oauth2-proxy, terraform-enterprise",46,103
kics,4a20ebac-1060-4c81-95d1-1f7f620e983b,check_48,Pod or Container Without LimitRange,"pyspark-notebook, tfy-inferentia-operator, horizon-satellite, ndb-operator, ctlog, tika, pages, stock-x, wg-access-server, deploy-elibrary, rclone, pulse, log2rbac-operator, squid, influxdb, thingsboard, pages, ussigw-configuration, kube-state-metrics, pages, bipeenhelm-chart, venti-stack, meerschaum, radarr, smtprelay, ghost, handbrake, traefik-hub, fleet, identity-manager-demo, akaunting, scaleway-csi, ussigw-core, kiali-operator, traefik-forward-auth-openid, myfirstchart, mojeaplikace, ed-nginx, ed-traefik2, pages, distribution, deis-workflow, ed-cron, test0, oauth2-proxy, terraform-enterprise",46,94
kics,48a5beba-e4c0-4584-a2aa-e6894e4cf424,check_49,Pod or Container Without ResourceQuota,"pyspark-notebook, tfy-inferentia-operator, horizon-satellite, ndb-operator, ctlog, tika, pages, stock-x, wg-access-server, deploy-elibrary, rclone, pulse, log2rbac-operator, squid, influxdb, thingsboard, pages, ussigw-configuration, kube-state-metrics, pages, bipeenhelm-chart, venti-stack, meerschaum, radarr, smtprelay, ghost, handbrake, traefik-hub, fleet, identity-manager-demo, akaunting, scaleway-csi, ussigw-core, kiali-operator, traefik-forward-auth-openid, myfirstchart, mojeaplikace, ed-nginx, ed-traefik2, pages, distribution, deis-workflow, ed-cron, test0, oauth2-proxy, terraform-enterprise",46,94
kics,a9c2f49d-0671-4fc9-9ece-f4e261e128d0,check_27,Root Container Not Mounted Read-only,"pyspark-notebook, tfy-inferentia-operator, horizon-satellite, ndb-operator, ctlog, tika, pages, stock-x, wg-access-server, deploy-elibrary, rclone, pulse, influxdb, thingsboard, pages, ussigw-configuration, pages, bipeenhelm-chart, venti-stack, meerschaum, radarr, ghost, handbrake, fleet, identity-manager-demo, akaunting, scaleway-csi, ussigw-core, myfirstchart, mojeaplikace, ed-nginx, pages, distribution, deis-workflow, ed-cron, test0, oauth2-proxy, terraform-enterprise",38,87
kics,3ca03a61-3249-4c16-8427-6f8e47dda729,NOT_MAPPED,Service Does Not Target Pod,"pyspark-notebook, tfy-inferentia-operator, pulse, log2rbac-operator, influxdb, bipeenhelm-chart, venti-stack, fleet, ussigw-core, distribution",10,12
kics,8cf4671a-cf3d-46fc-8389-21e7405063a2,check_52,StatefulSet Requests Storage,"pyspark-notebook, thingsboard, akaunting",3,3
kubelinter,dangling-service,check_57,no pods found matching service labels (map[app:release-name-pyspark-notebook]). Confirm that your service's selector correctly matches the labels on one of your deployments.,pyspark-notebook,1,1
kubescape,C-0002,check_54,Prevent containers from allowing command execution,"pyspark-notebook, log2rbac-operator, fleet",3,9
kubescape,C-0053,check_35,Access container service account,"pyspark-notebook, tfy-inferentia-operator, ndb-operator, ctlog, log2rbac-operator, kube-state-metrics, venti-stack, traefik-hub, fleet, scaleway-csi, kiali-operator, ed-nginx, ed-traefik2, terraform-enterprise",14,93
kubescape,C-0188,NOT_MAPPED,Minimize access to create pods,"pyspark-notebook, log2rbac-operator, fleet, kiali-operator, terraform-enterprise",5,15
kubescape,C-0007,check_54,Roles with delete capabilities,"pyspark-notebook, ndb-operator, log2rbac-operator, traefik-hub, fleet, kiali-operator, terraform-enterprise",7,27
checkov,CKV_K8S_8,check_7,Liveness Probe Should be Configured,"tfy-inferentia-operator, ndb-operator, tika, pages, stock-x, wg-access-server, deploy-elibrary, pulse, influxdb, thingsboard, pages, ussigw-configuration, pages, bipeenhelm-chart, ghost, fleet, scaleway-csi, ussigw-core, kiali-operator, mojeaplikace, pages, distribution, deis-workflow, test0, terraform-enterprise",25,44
checkov,CKV_K8S_9,check_8,Readiness Probe Should be Configured,"tfy-inferentia-operator, ndb-operator, tika, pages, stock-x, deploy-elibrary, pulse, influxdb, pages, ussigw-configuration, pages, bipeenhelm-chart, ghost, fleet, scaleway-csi, ussigw-core, kiali-operator, mojeaplikace, pages, distribution, deis-workflow, test0",22,40
checkov,CKV_K8S_29,check_30,Apply security context to your pods and containers,"tfy-inferentia-operator, ndb-operator, tika, pages, wg-access-server, deploy-elibrary, rclone, log2rbac-operator, influxdb, thingsboard, pages, ussigw-configuration, pages, bipeenhelm-chart, radarr, ghost, fleet, akaunting, ussigw-core, kiali-operator, traefik-forward-auth-openid, mojeaplikace, ed-nginx, pages, deis-workflow, ed-cron, test0, oauth2-proxy",28,54
kics,aa8f7a35-9923-4cad-bd61-a19b7f6aac91,check_47,Non Kube System Pod With Host Mount,"tfy-inferentia-operator, pages, wg-access-server, influxdb, pages, pages, venti-stack, scaleway-csi, pages",9,23
kics,5308a7a8-06f8-45ac-bf10-791fe21de46e,check_47,Workload Mounting With Sensitive OS Directory,"tfy-inferentia-operator, pages, wg-access-server, pages, pages, venti-stack, scaleway-csi, pages",8,18
kics,cf34805e-3872-4c08-bf92-6ff7bb0cfadb,check_13,Container Running As Root,"tfy-inferentia-operator, horizon-satellite, ndb-operator, tika, pages, stock-x, wg-access-server, deploy-elibrary, rclone, pulse, log2rbac-operator, influxdb, thingsboard, pages, ussigw-configuration, pages, bipeenhelm-chart, venti-stack, radarr, ghost, handbrake, fleet, identity-manager-demo, akaunting, scaleway-csi, ussigw-core, myfirstchart, mojeaplikace, pages, deis-workflow, ed-cron, test0, oauth2-proxy, terraform-enterprise",34,73
kics,b14d1bc4-a208-45db-92f0-e21f8e2588e9,check_2,Memory Limits Not Defined,"tfy-inferentia-operator, horizon-satellite, ndb-operator, ctlog, tika, pages, stock-x, wg-access-server, deploy-elibrary, rclone, pulse, squid, thingsboard, pages, ussigw-configuration, kube-state-metrics, pages, bipeenhelm-chart, venti-stack, meerschaum, radarr, smtprelay, ghost, traefik-hub, fleet, identity-manager-demo, akaunting, scaleway-csi, ussigw-core, kiali-operator, myfirstchart, mojeaplikace, ed-nginx, pages, distribution, deis-workflow, ed-cron, oauth2-proxy, terraform-enterprise",39,85
kics,dbbc6705-d541-43b0-b166-dd4be8208b54,check_23,NET_RAW Capabilities Not Being Dropped,"tfy-inferentia-operator, horizon-satellite, ndb-operator, ctlog, tika, pages, stock-x, wg-access-server, deploy-elibrary, rclone, pulse, influxdb, thingsboard, pages, ussigw-configuration, pages, bipeenhelm-chart, venti-stack, meerschaum, radarr, ghost, fleet, identity-manager-demo, akaunting, scaleway-csi, ussigw-core, myfirstchart, mojeaplikace, pages, distribution, deis-workflow, ed-cron, test0, oauth2-proxy, terraform-enterprise",35,83
kics,a659f3b5-9bf0-438a-bd9a-7d3a6427f1e3,check_8,Readiness Probe Is Not Configured,"tfy-inferentia-operator, ndb-operator, tika, pages, stock-x, deploy-elibrary, pulse, influxdb, pages, ussigw-configuration, pages, bipeenhelm-chart, venti-stack, ghost, fleet, scaleway-csi, ussigw-core, kiali-operator, mojeaplikace, pages, distribution, deis-workflow, test0",23,53
kics,4ac0e2b7-d2d2-4af7-8799-e8de6721ccda,check_5,CPU Limits Not Set,"tfy-inferentia-operator, horizon-satellite, ndb-operator, ctlog, tika, pages, stock-x, wg-access-server, deploy-elibrary, rclone, pulse, squid, thingsboard, pages, ussigw-configuration, kube-state-metrics, pages, bipeenhelm-chart, venti-stack, meerschaum, radarr, smtprelay, ghost, traefik-hub, fleet, identity-manager-demo, akaunting, scaleway-csi, ussigw-core, kiali-operator, myfirstchart, mojeaplikace, ed-nginx, ed-traefik2, pages, distribution, deis-workflow, ed-cron, oauth2-proxy, terraform-enterprise",40,89
kics,ca469dd4-c736-448f-8ac1-30a642705e0a,check_4,CPU Requests Not Set,"tfy-inferentia-operator, horizon-satellite, ndb-operator, ctlog, tika, pages, stock-x, wg-access-server, deploy-elibrary, rclone, pulse, squid, thingsboard, pages, ussigw-configuration, kube-state-metrics, pages, bipeenhelm-chart, venti-stack, meerschaum, radarr, smtprelay, ghost, traefik-hub, fleet, identity-manager-demo, akaunting, scaleway-csi, ussigw-core, traefik-forward-auth-openid, myfirstchart, mojeaplikace, ed-nginx, ed-traefik2, pages, distribution, deis-workflow, ed-cron, oauth2-proxy",39,86
kics,268ca686-7fb7-4ae9-b129-955a2a89064e,check_23,No Drop Capabilities for Containers,"tfy-inferentia-operator, horizon-satellite, ndb-operator, ctlog, tika, pages, stock-x, wg-access-server, deploy-elibrary, rclone, pulse, influxdb, thingsboard, pages, ussigw-configuration, pages, bipeenhelm-chart, venti-stack, meerschaum, radarr, ghost, fleet, identity-manager-demo, akaunting, scaleway-csi, ussigw-core, myfirstchart, mojeaplikace, pages, distribution, deis-workflow, ed-cron, test0, oauth2-proxy, terraform-enterprise",35,83
kics,a97a340a-0063-418e-b3a1-3028941d0995,check_30,Pod or Container Without Security Context,"tfy-inferentia-operator, ndb-operator, ctlog, tika, pages, deploy-elibrary, rclone, influxdb, thingsboard, pages, ussigw-configuration, pages, bipeenhelm-chart, venti-stack, radarr, ghost, fleet, akaunting, scaleway-csi, ussigw-core, mojeaplikace, pages, deis-workflow, ed-cron, test0, oauth2-proxy",26,84
kubelinter,deprecated-service-account-field,check_37,"serviceAccount is specified (release-name-neuron-device-plugin), but this field is deprecated; use serviceAccountName instead. Use the serviceAccountName field instead. If you must specify serviceAccount, ensure values for serviceAccount and serviceAccountName match.","tfy-inferentia-operator, scaleway-csi",2,3
kubeaudit,RunAsNonRootPSCNilCSCNil,check_28,runAsNonRoot should be set to true or runAsUser should be set to a value > 0 either in the container SecurityContext or PodSecurityContext.,"tfy-inferentia-operator, horizon-satellite, ndb-operator, tika, pages, stock-x, wg-access-server, deploy-elibrary, pulse, log2rbac-operator, influxdb, thingsboard, pages, ussigw-configuration, pages, bipeenhelm-chart, venti-stack, radarr, ghost, fleet, identity-manager-demo, akaunting, scaleway-csi, ussigw-core, myfirstchart, mojeaplikace, pages, deis-workflow, test0, oauth2-proxy, terraform-enterprise",31,74
kubescape,C-0048,check_47,HostPath mount,"tfy-inferentia-operator, pages, wg-access-server, pages, pages, venti-stack, scaleway-csi, pages",8,9
kubescape,C-0045,check_29,Writable hostPath mount,"tfy-inferentia-operator, pages, wg-access-server, pages, pages, venti-stack, scaleway-csi, pages",8,8
datree,CONTAINERS_MISSING_MEMORY_LIMIT_KEY,check_2,Ensure each container has a configured memory limit,"horizon-satellite, ndb-operator, ctlog, tika, pages, stock-x, wg-access-server, deploy-elibrary, rclone, pulse, squid, thingsboard, pages, ussigw-configuration, kube-state-metrics, pages, bipeenhelm-chart, venti-stack, meerschaum, radarr, smtprelay, ghost, traefik-hub, fleet, akaunting, scaleway-csi, ussigw-core, kiali-operator, myfirstchart, mojeaplikace, ed-nginx, pages, distribution, deis-workflow, ed-cron, oauth2-proxy, terraform-enterprise",37,74
datree,DEPLOYMENT_INCORRECT_REPLICAS_VALUE,check_45,Ensure Deployment has more than one replica configured,"horizon-satellite, ndb-operator, ctlog, tika, pages, stock-x, wg-access-server, deploy-elibrary, pulse, squid, influxdb, pages, kube-state-metrics, pages, bipeenhelm-chart, venti-stack, meerschaum, radarr, ghost, akaunting, scaleway-csi, kiali-operator, traefik-forward-auth-openid, myfirstchart, pages, oauth2-proxy, terraform-enterprise",27,31
datree,CONTAINERS_MISSING_MEMORY_REQUEST_KEY,check_1,Ensure each container has a configured memory request,"horizon-satellite, ndb-operator, ctlog, tika, pages, stock-x, wg-access-server, deploy-elibrary, rclone, pulse, squid, thingsboard, pages, ussigw-configuration, kube-state-metrics, pages, bipeenhelm-chart, venti-stack, meerschaum, radarr, smtprelay, ghost, traefik-hub, fleet, akaunting, scaleway-csi, ussigw-core, traefik-forward-auth-openid, myfirstchart, mojeaplikace, ed-nginx, pages, distribution, deis-workflow, ed-cron, oauth2-proxy",36,73
kics,229588ef-8fde-40c8-8756-f4f2b5825ded,check_1,Memory Requests Not Defined,"horizon-satellite, ndb-operator, ctlog, tika, pages, stock-x, wg-access-server, deploy-elibrary, rclone, pulse, squid, thingsboard, pages, ussigw-configuration, kube-state-metrics, pages, bipeenhelm-chart, venti-stack, meerschaum, radarr, smtprelay, ghost, traefik-hub, fleet, identity-manager-demo, akaunting, scaleway-csi, ussigw-core, traefik-forward-auth-openid, myfirstchart, mojeaplikace, ed-nginx, pages, distribution, deis-workflow, ed-cron, oauth2-proxy",37,82
kics,26763a1c-5dda-4772-b507-5fca7fb5f165,check_56,Service With External Load Balancer,"horizon-satellite, traefik-hub, terraform-enterprise",3,3
kubelinter,ssh-port,check_68,"port 22 and protocol TCP in container ""horizon-satellite-sshd"" found. Ensure that non-SSH services are not using port 22. Confirm that any actual SSH servers have been vetted.",horizon-satellite,1,1
checkov,CKV_K8S_155,check_54,Minimize ClusterRoles that grant control over validating or mutating admission webhook configurations,"ndb-operator, log2rbac-operator, fleet",3,3
checkov,CKV2_K8S_5,check_59,No ServiceAccount/Node should be able to read all secrets,"ndb-operator, log2rbac-operator, fleet",3,3
datree,CONTAINERS_MISSING_LIVENESSPROBE_KEY,check_7,Ensure each container has a configured liveness probe,"ndb-operator, ctlog, tika, pages, stock-x, wg-access-server, deploy-elibrary, rclone, pulse, influxdb, thingsboard, pages, ussigw-configuration, pages, bipeenhelm-chart, venti-stack, ghost, fleet, scaleway-csi, ussigw-core, kiali-operator, mojeaplikace, pages, distribution, deis-workflow, ed-cron, test0, terraform-enterprise",28,55
datree,WORKLOAD_INCORRECT_NAMESPACE_VALUE_DEFAULT,check_26,Prevent workload from using the default namespace,"ndb-operator, ctlog, thingsboard, kube-state-metrics, venti-stack, smtprelay, traefik-hub, akaunting, kiali-operator, distribution, terraform-enterprise",11,21
datree,CONTAINERS_MISSING_READINESSPROBE_KEY,check_8,Ensure each container has a configured readiness probe,"ndb-operator, ctlog, tika, pages, stock-x, deploy-elibrary, rclone, pulse, influxdb, pages, ussigw-configuration, pages, bipeenhelm-chart, venti-stack, ghost, fleet, scaleway-csi, ussigw-core, kiali-operator, mojeaplikace, pages, distribution, deis-workflow, ed-cron, test0",25,51
kics,b7bca5c4-1dab-4c2c-8cbe-3050b9d59b14,check_54,RBAC Roles with Read Secrets Permissions,"ndb-operator, ctlog, kube-state-metrics, venti-stack, traefik-hub, scaleway-csi, kiali-operator, ed-nginx, ed-traefik2",9,16
kics,056ac60e-fe07-4acc-9b34-8e1d51716ab9,check_54,ServiceAccount Allows Access Secrets,"ndb-operator, ctlog, kube-state-metrics, venti-stack, traefik-hub, fleet, scaleway-csi, kiali-operator, ed-nginx, ed-traefik2",10,18
kubescape,C-0015,check_54,List Kubernetes secrets,"ndb-operator, ctlog, log2rbac-operator, kube-state-metrics, venti-stack, traefik-hub, fleet, scaleway-csi, kiali-operator, ed-nginx, ed-traefik2",11,51
kubescape,C-0037,NOT_MAPPED,CoreDNS poisoning,"ndb-operator, log2rbac-operator, fleet, kiali-operator, terraform-enterprise",5,21
terrascan,AC_K8S_0086,check_26,Default Namespace Should Not be Used,"ndb-operator, ctlog, thingsboard, kube-state-metrics, venti-stack, smtprelay, handbrake, traefik-hub, akaunting, kiali-operator, distribution, terraform-enterprise",12,22
terrascan,AC_K8S_0051,check_33,Prefer using secrets as files over secrets as environment variables,"ctlog, pages, pulse, thingsboard, pages, pages, venti-stack, traefik-hub, fleet, akaunting, scaleway-csi, kiali-operator, ed-nginx, pages, oauth2-proxy",15,26
terrascan,AC_K8S_0045,check_35,Ensure that Service Account Tokens are only mounted where necessary,"ctlog, squid, venti-stack, radarr, traefik-hub, akaunting, traefik-forward-auth-openid, distribution, terraform-enterprise",9,11
datree,CONTAINERS_MISSING_IMAGE_VALUE_VERSION,check_0,Ensure each container image has a pinned (tag) version,"tika, pages, squid, influxdb, thingsboard, pages, pages, bipeenhelm-chart, ghost, traefik-forward-auth-openid, mojeaplikace, pages, deis-workflow, ed-cron, test0, terraform-enterprise",16,21
kics,591ade62-d6b0-4580-b1ae-209f80ba1cd9,check_37,Service Account Name Undefined Or Empty,"tika, pages, pages, ussigw-configuration, pages, ghost, ussigw-core, mojeaplikace, pages, deis-workflow",10,18
kics,583053b7-e632-46f0-b989-f81ff8045385,check_0,Invalid Image Tag,"tika, pages, squid, influxdb, thingsboard, pages, pages, bipeenhelm-chart, ghost, traefik-forward-auth-openid, mojeaplikace, pages, deis-workflow, ed-cron, test0",15,20
kubelinter,privilege-escalation-container,check_22,"container ""tika"" has AllowPrivilegeEscalation set to true.. Ensure containers do not allow privilege escalation by setting allowPrivilegeEscalation=false, privileged=false and removing CAP_SYS_ADMIN capability. See https://kubernetes.io/docs/tasks/configure-pod-container/security-context/ for more details.","tika, scaleway-csi, ed-nginx",3,3
kubeaudit,AllowPrivilegeEscalationTrue,check_22,allowPrivilegeEscalation set to 'true'. It should be set to 'false'.,"tika, ed-nginx",2,2
kubeaudit,AutomountServiceAccountTokenTrueAndDefaultSA,check_35,Default service account with token mounted. automountServiceAccountToken should be set to 'false' on either the ServiceAccount or on the PodSpec or a non-default service account should be used.,"tika, pages, wg-access-server, deploy-elibrary, squid, influxdb, thingsboard, pages, ussigw-configuration, pages, bipeenhelm-chart, venti-stack, meerschaum, radarr, smtprelay, ghost, akaunting, ussigw-core, traefik-forward-auth-openid, myfirstchart, mojeaplikace, pages, deis-workflow, test0, terraform-enterprise",25,49
checkov,CKV_K8S_35,check_33,Prefer using secrets as files over secrets as environment variables,"pages, pulse, influxdb, thingsboard, pages, pages, ghost, traefik-hub, akaunting, scaleway-csi, traefik-forward-auth-openid, pages, ed-cron, oauth2-proxy, terraform-enterprise",15,24
kics,3d658f8b-d988-41a0-a841-40043121de1e,check_33,Secrets As Environment Variables,"pages, pulse, influxdb, thingsboard, pages, pages, ghost, traefik-hub, akaunting, scaleway-csi, traefik-forward-auth-openid, pages, ed-cron, oauth2-proxy, terraform-enterprise",15,33
kics,845acfbe-3e10-4b8e-b656-3b404d36dfb2,check_56,Service Type is NodePort,"pages, stock-x, deploy-elibrary, log2rbac-operator, influxdb, thingsboard, pages, ussigw-configuration, pages, bipeenhelm-chart, ussigw-core, myfirstchart, pages, test0",14,16
terrascan,AC_K8S_0076,check_47,Allowing hostPaths to mount to Pod arise the probability of getting access to the node's filesystem,"pages, wg-access-server, pages, pages, venti-stack, scaleway-csi, pages",7,8
terrascan,AC_K8S_0111,check_56,Nodeport service can expose the worker nodes as they have public interface,"pages, stock-x, deploy-elibrary, log2rbac-operator, influxdb, thingsboard, pages, ussigw-configuration, pages, bipeenhelm-chart, ussigw-core, myfirstchart, pages, test0",14,16
terrascan,AC_K8S_0081,check_55,"Some volume types mount the host file system paths to the pod or container, thus increasing the chance of escaping the container to access the host","pages, wg-access-server, pages, pages, venti-stack, scaleway-csi, pages",7,8
checkov,CKV_K8S_25,check_34,Minimize the admission of containers with added capability,"wg-access-server, handbrake, ed-nginx, ed-traefik2",4,4
kics,19ebaa28-fc86-4a58-bcfa-015c9e22fe40,check_23,Containers With Added Capabilities,"wg-access-server, handbrake",2,2
kubelinter,drop-net-raw-capability,check_23,"container ""wg-access-server"" has DROP capabilities: [], but does not drop capability ""NET_RAW"" which is required. NET_RAW makes it so that an application within the container is able to craft raw packets, use raw sockets, and bind to any address. Remove this capability in the containers under containers security contexts.",wg-access-server,1,1
kubeaudit,CapabilityShouldDropAll,check_34,Capability Drop list should be set to ALL. Add the specific ones you need to the Add list and set an override label.,wg-access-server,1,1
kubeaudit,CapabilityAdded,check_34,"Capability ""NET_ADMIN"" added. It should be removed from the capability add list. If you need this capability, add an override label such as 'container.kubeaudit.io/wg-access-server.allow-capability-net-admin: SomeReason'.","wg-access-server, handbrake, ed-nginx, ed-traefik2",4,10
kubescape,C-0046,check_23,Insecure capabilities,wg-access-server,1,1
checkov,CKV_K8S_156,check_54,Minimize ClusterRoles that grant permissions to approve CertificateSigningRequests,"log2rbac-operator, fleet",2,2
checkov,CKV_K8S_158,check_54,Minimize Roles and ClusterRoles that grant permissions to escalate Roles or ClusterRoles,"log2rbac-operator, fleet",2,3
checkov,CKV_K8S_157,check_54,Minimize Roles and ClusterRoles that grant permissions to bind RoleBindings or ClusterRoleBindings,"log2rbac-operator, fleet",2,3
checkov,CKV_K8S_49,check_54,Minimize wildcard use in Roles and ClusterRoles,"log2rbac-operator, fleet",2,6
checkov,CKV2_K8S_1,check_54,RoleBinding should not allow privilege escalation to a ServiceAccount or Node on other RoleBinding,"log2rbac-operator, fleet",2,2
checkov,CKV2_K8S_2,check_54,Granting `create` permissions to `nodes/proxy` or `pods/exec` sub resources allows potential privilege escalation,"log2rbac-operator, fleet",2,2
checkov,CKV2_K8S_4,check_54,ServiceAccounts and nodes that can modify services/status may set the `status.loadBalancer.ingress.ip` field to exploit the unfixed CVE-2020-8554 and launch MiTM attacks against the cluster.,"log2rbac-operator, fleet",2,2
checkov,CKV2_K8S_3,check_54,No ServiceAccount/Node should have `impersonate` permissions for groups/users/service-accounts,"log2rbac-operator, fleet",2,2
kics,6b896afb-ca07-467a-b256-1a0077a1c08e,NOT_MAPPED,RBAC Wildcard In Rule,"log2rbac-operator, fleet, kiali-operator",3,22
kubescape,C-0031,check_54,Delete Kubernetes events,"log2rbac-operator, fleet",2,6
kubescape,C-0035,NOT_MAPPED,Administrative Roles,"log2rbac-operator, fleet",2,6
kubescape,C-0187,NOT_MAPPED,Minimize wildcard use in Roles and ClusterRoles,"log2rbac-operator, fleet",2,6
kubescape,C-0063,check_54,Portforwarding privileges,"log2rbac-operator, fleet, kiali-operator",3,9
kics,a31b7b82-d994-48c4-bd21-3bab6c31827a,NOT_MAPPED,Deployment Has No PodAntiAffinity,"ussigw-configuration, ussigw-core, deis-workflow",3,3
kics,b23e9b98-0cb6-4fc9-b257-1f3270442678,check_60,Deployment Without PodDisruptionBudget,"ussigw-configuration, ussigw-core, mojeaplikace, deis-workflow, test0",5,6
kubelinter,no-anti-affinity,NOT_MAPPED,"object has 3 replicas but does not specify inter pod anti-affinity. Specify anti-affinity in your pod specification to ensure that the orchestrator attempts to schedule replicas on different nodes. Using podAntiAffinity, specify a labelSelector that matches pods for the deployment, and set the topologyKey to kubernetes.io/hostname","ussigw-configuration, ussigw-core, mojeaplikace, deis-workflow, test0",5,6
kics,302736f4-b16c-41b8-befe-c0baffa0bd9d,check_10,Shared Host PID Namespace,venti-stack,1,1
kics,6b6bdfb3-c3ae-44cb-88e4-7405c1ba2c8a,check_12,Shared Host Network Namespace,venti-stack,1,1
kubelinter,host-network,check_12,resource shares host's network namespace (via hostNetwork=true).. Ensure the host's network namespace is not shared.,venti-stack,1,1
kubelinter,host-pid,check_10,object shares the host's process namespace (via hostPID=true).. Ensure the host's process namespace is not shared.,venti-stack,1,1
kubelinter,sensitive-host-mounts,check_47,"host system directory ""/proc"" is mounted on container ""node-exporter"". Ensure sensitive host system directories are not mounted in containers by removing those Volumes and VolumeMounts.","venti-stack, scaleway-csi",2,4
kubeaudit,NamespaceHostNetworkTrue,check_12,hostNetwork is set to 'true' in PodSpec. It should be set to 'false'.,venti-stack,1,1
kubeaudit,NamespaceHostPIDTrue,check_10,hostPID is set to 'true' in PodSpec. It should be set to 'false'.,venti-stack,1,1
kubeaudit,SensitivePathsMounted,check_47,Sensitive path mounted as volume: proc (hostPath: /proc). It should be removed from the container's mounts list.,"venti-stack, scaleway-csi",2,3
kubescape,C-0038,check_10,Host PID/IPC privileges,venti-stack,1,1
kubescape,C-0041,check_12,HostNetwork access,venti-stack,1,1
terrascan,AC_K8S_0082,check_10,Containers Should Not Share Host Process ID Namespace,venti-stack,1,1
terrascan,AC_K8S_0084,check_12,Containers Should Not Share the Host Network Namespace,venti-stack,1,1
checkov,CKV_K8S_26,NOT_MAPPED,Do not specify hostPort unless absolutely necessary,"meerschaum, smtprelay, handbrake, ed-nginx, ed-traefik2",5,5
datree,CONTAINERS_INCORRECT_KEY_HOSTPORT,check_29,Prevent containers from insecurely exposing workload,"meerschaum, smtprelay, ed-nginx, ed-traefik2, distribution, terraform-enterprise",6,6
kubescape,C-0044,check_29,Container hostPort,"meerschaum, smtprelay, handbrake, ed-nginx, ed-traefik2",5,5
kubeaudit,RunAsUserCSCRoot,check_13,runAsUser is set to UID 0 (root user) in the container SecurityContext. Either set it to a value > 0 or remove it and set runAsNonRoot to true.,"smtprelay, handbrake",2,2
kubeaudit,ReadOnlyRootFilesystemFalse,check_27,readOnlyRootFilesystem is set to 'false' in container SecurityContext. It should be set to 'true'.,"handbrake, fleet, distribution",3,3
kics,8320826e-7a9c-4b0b-9535-578333193432,NOT_MAPPED,RBAC Roles Allow Privilege Escalation,fleet,1,1
kics,c1032cf7-3628-44e2-bd53-38c17cf31b6b,check_62,Shared Service Account,fleet,1,2
checkov,CKV_K8S_16,check_21,Container should not be privileged,scaleway-csi,1,1
kics,dd29336b-fe57-445b-a26e-e6aa867ae609,check_21,Container Is Privileged,scaleway-csi,1,1
kubelinter,privileged-container,check_21,"container ""scaleway-csi-plugin"" is privileged. Do not run your container as privileged unless it is required.",scaleway-csi,1,1
kubeaudit,PrivilegedTrue,check_21,privileged is set to 'true' in container SecurityContext. It should be set to 'false'.,scaleway-csi,1,1
kubescape,C-0057,check_21,Privileged container,scaleway-csi,1,1
kics,38fa11ef-dbcc-4da8-9680-7e1fd855b6fb,NOT_MAPPED,RBAC Roles with Port-Forwarding Permission,kiali-operator,1,1
kics,192fe40b-b1c3-448a-aba2-6cc19a300fe3,check_63,CronJob Deadline Not Configured,ed-cron,1,1
kubeaudit,MissingDefaultDenyIngressNetworkPolicy,NOT_MAPPED,All ingress traffic should be blocked by default for namespace app1.,test0,1,2
kubeaudit,MissingDefaultDenyEgressNetworkPolicy,NOT_MAPPED,All egress traffic should be blocked by default for namespace app1.,test0,1,2
terrascan,AC_K8S_0013,NOT_MAPPED,No owner for namespace affects the operations,"test0, terraform-enterprise",2,3
checkov,CKV_K8S_41,check_35,Ensure that default service accounts are not actively used,terraform-enterprise,1,1
checkov,CKV_K8S_42,check_35,Ensure that default service accounts are not actively used,terraform-enterprise,1,1
kics,1e749bc9-fde8-471c-af0c-8254efd2dee5,NOT_MAPPED,Role Binding To Default Service Account,terraform-enterprise,1,1
kubeaudit,MissingDefaultDenyIngressAndEgressNetworkPolicy,NOT_MAPPED,Namespace is missing a default deny ingress and egress NetworkPolicy.,terraform-enterprise,1,1
kubescape,C-0054,NOT_MAPPED,Cluster internal networking,terraform-enterprise,1,1
